1,https://img.alicdn.com/bao/uploaded//img.alicdn.com/bao/uploaded/https://img.alicdn.com/imgextra/i1/2251059038/O1CN01l33kiD2GdSGqaKq7U_!!2251059038.jpg_q60.jpg_.webp
2,https://img.alicdn.com/bao/uploaded//img.alicdn.com/bao/uploaded/i3/2251059038/O1CN01MwCjBh2GdSDNDp5DZ_!!0-item_pic.jpg_q60.jpg_.webp
3,https://img.alicdn.com/bao/uploaded//img.alicdn.com/bao/uploaded/https://img.alicdn.com/imgextra/i2/2251059038/O1CN01VSs3622GdSDPuDCCI_!!2251059038.jpg_q60.jpg_.webp
4,https://img.alicdn.com/bao/uploaded//img.alicdn.com/bao/uploaded/i2/2251059038/O1CN01jsyFcW2GdSHGE4TV8_!!0-item_pic.jpg_q60.jpg_.webp
5,https://img.alicdn.com/bao/uploaded//img.alicdn.com/bao/uploaded/i2/2251059038/O1CN01cPl3bC2GdSHnPJEaI_!!0-item_pic.jpg_q60.jpg_.webp
6,https://img.alicdn.com/bao/uploaded//img.alicdn.com/bao/uploaded/i4/2251059038/O1CN019l3W882GdSH3mOcVo_!!0-item_pic.jpg_q60.jpg_.webp
7,https://img.alicdn.com/bao/uploaded//img.alicdn.com/tfs/TB1S_dkRQvoK1RjSZFNXXcxMVXa-270-364.png
8,https://img.alicdn.com/bao/uploaded//img.alicdn.com/tfs/TB1S_dkRQvoK1RjSZFNXXcxMVXa-270-364.png
9,https://img.alicdn.com/bao/uploaded//img.alicdn.com/tfs/TB1S_dkRQvoK1RjSZFNXXcxMVXa-270-364.png
10,https://img.alicdn.com/bao/uploaded//img.alicdn.com/tfs/TB1S_dkRQvoK1RjSZFNXXcxMVXa-270-364.png
11,https://img.alicdn.com/bao/uploaded//img.alicdn.com/tfs/TB1S_dkRQvoK1RjSZFNXXcxMVXa-270-364.png
12,https://img.alicdn.com/bao/uploaded//img.alicdn.com/tfs/TB1S_dkRQvoK1RjSZFNXXcxMVXa-270-364.png
13,https://img.alicdn.com/bao/uploaded//img.alicdn.com/tfs/TB1S_dkRQvoK1RjSZFNXXcxMVXa-270-364.png
14,https://img.alicdn.com/bao/uploaded//img.alicdn.com/tfs/TB1S_dkRQvoK1RjSZFNXXcxMVXa-270-364.png
15,https://img.alicdn.com/bao/uploaded//img.alicdn.com/tfs/TB1S_dkRQvoK1RjSZFNXXcxMVXa-270-364.png
16,https://img.alicdn.com/bao/uploaded//img.alicdn.com/tfs/TB1S_dkRQvoK1RjSZFNXXcxMVXa-270-364.png
17,https://img.alicdn.com/bao/uploaded//img.alicdn.com/tfs/TB1S_dkRQvoK1RjSZFNXXcxMVXa-270-364.png
18,https://img.alicdn.com/bao/uploaded//img.alicdn.com/tfs/TB1S_dkRQvoK1RjSZFNXXcxMVXa-270-364.png
19,https://img.alicdn.com/bao/uploaded//img.alicdn.com/tfs/TB1S_dkRQvoK1RjSZFNXXcxMVXa-270-364.png
20,https://img.alicdn.com/bao/uploaded//img.alicdn.com/tfs/TB1S_dkRQvoK1RjSZFNXXcxMVXa-270-364.png
21,https://img.alicdn.com/bao/uploaded//img.alicdn.com/tfs/TB1S_dkRQvoK1RjSZFNXXcxMVXa-270-364.png
22,https://img.alicdn.com/bao/uploaded//img.alicdn.com/tfs/TB1S_dkRQvoK1RjSZFNXXcxMVXa-270-364.png
23,https://img.alicdn.com/bao/uploaded//img.alicdn.com/tfs/TB1S_dkRQvoK1RjSZFNXXcxMVXa-270-364.png
24,https://img.alicdn.com/bao/uploaded//img.alicdn.com/tfs/TB1S_dkRQvoK1RjSZFNXXcxMVXa-270-364.png
25,https://img.alicdn.com/bao/uploaded//img.alicdn.com/tfs/TB1S_dkRQvoK1RjSZFNXXcxMVXa-270-364.png
26,https://img.alicdn.com/bao/uploaded//img.alicdn.com/tfs/TB1S_dkRQvoK1RjSZFNXXcxMVXa-270-364.png
27,https://img.alicdn.com/bao/uploaded//img.alicdn.com/tfs/TB1S_dkRQvoK1RjSZFNXXcxMVXa-270-364.png
28,https://img.alicdn.com/bao/uploaded//img.alicdn.com/tfs/TB1S_dkRQvoK1RjSZFNXXcxMVXa-270-364.png
29,https://img.alicdn.com/bao/uploaded//img.alicdn.com/tfs/TB1S_dkRQvoK1RjSZFNXXcxMVXa-270-364.png
30,https://img.alicdn.com/bao/uploaded//img.alicdn.com/tfs/TB1S_dkRQvoK1RjSZFNXXcxMVXa-270-364.png
31,https://img.alicdn.com/bao/uploaded//img.alicdn.com/tfs/TB1S_dkRQvoK1RjSZFNXXcxMVXa-270-364.png
32,https://img.alicdn.com/bao/uploaded//img.alicdn.com/tfs/TB1S_dkRQvoK1RjSZFNXXcxMVXa-270-364.png
33,https://img.alicdn.com/bao/uploaded//img.alicdn.com/tfs/TB1S_dkRQvoK1RjSZFNXXcxMVXa-270-364.png
34,https://img.alicdn.com/bao/uploaded//img.alicdn.com/bao/uploaded/https://img.alicdn.com/imgextra/i3/2251059038/O1CN01nGg2Nw2GdSHNvXy5S_!!2251059038.jpg_q60.jpg_.webp
35,https://img.alicdn.com/bao/uploaded//img.alicdn.com/bao/uploaded/https://img.alicdn.com/imgextra/i3/2251059038/O1CN01S0bXpe2GdSHUO4rQ8_!!2251059038.png_q60.jpg_.webp
36,https://img.alicdn.com/bao/uploaded//img.alicdn.com/bao/uploaded/https://img.alicdn.com/imgextra/i1/2251059038/O1CN010lsjvA2GdSHMaHZlw_!!2251059038.jpg_q60.jpg_.webp
37,https://img.alicdn.com/bao/uploaded//img.alicdn.com/bao/uploaded/https://img.alicdn.com/imgextra/i3/2251059038/O1CN01Gb3ldL2GdSHNxUO3p_!!2251059038.jpg_q60.jpg_.webp
38,https://img.alicdn.com/bao/uploaded//img.alicdn.com/bao/uploaded/https://img.alicdn.com/imgextra/i3/2251059038/O1CN01VoUPUW2GdSHbCQ6r7_!!2251059038.png_q60.jpg_.webp
39,https://img.alicdn.com/bao/uploaded//img.alicdn.com/tfs/TB1S_dkRQvoK1RjSZFNXXcxMVXa-270-364.png
40,https://img.alicdn.com/bao/uploaded//img.alicdn.com/tfs/TB1S_dkRQvoK1RjSZFNXXcxMVXa-270-364.png
41,https://img.alicdn.com/bao/uploaded//img.alicdn.com/tfs/TB1S_dkRQvoK1RjSZFNXXcxMVXa-270-364.png
42,https://img.alicdn.com/bao/uploaded//img.alicdn.com/tfs/TB1S_dkRQvoK1RjSZFNXXcxMVXa-270-364.png
43,https://img.alicdn.com/bao/uploaded//img.alicdn.com/tfs/TB1S_dkRQvoK1RjSZFNXXcxMVXa-270-364.png
44,https://img.alicdn.com/bao/uploaded//img.alicdn.com/tfs/TB1S_dkRQvoK1RjSZFNXXcxMVXa-270-364.png
45,https://img.alicdn.com/bao/uploaded//img.alicdn.com/tfs/TB1S_dkRQvoK1RjSZFNXXcxMVXa-270-364.png
46,https://img.alicdn.com/bao/uploaded//img.alicdn.com/tfs/TB1S_dkRQvoK1RjSZFNXXcxMVXa-270-364.png
47,https://img.alicdn.com/bao/uploaded//img.alicdn.com/tfs/TB1S_dkRQvoK1RjSZFNXXcxMVXa-270-364.png
48,https://img.alicdn.com/bao/uploaded//img.alicdn.com/tfs/TB1S_dkRQvoK1RjSZFNXXcxMVXa-270-364.png
49,https://img.alicdn.com/bao/uploaded//img.alicdn.com/tfs/TB1S_dkRQvoK1RjSZFNXXcxMVXa-270-364.png
50,https://img.alicdn.com/bao/uploaded//img.alicdn.com/tfs/TB1S_dkRQvoK1RjSZFNXXcxMVXa-270-364.png
51,https://img.alicdn.com/bao/uploaded//img.alicdn.com/tfs/TB1S_dkRQvoK1RjSZFNXXcxMVXa-270-364.png
52,https://img.alicdn.com/bao/uploaded//img.alicdn.com/tfs/TB1S_dkRQvoK1RjSZFNXXcxMVXa-270-364.png
53,https://img.alicdn.com/bao/uploaded//img.alicdn.com/tfs/TB1S_dkRQvoK1RjSZFNXXcxMVXa-270-364.png
54,https://img.alicdn.com/bao/uploaded//img.alicdn.com/tfs/TB1S_dkRQvoK1RjSZFNXXcxMVXa-270-364.png
55,https://img.alicdn.com/bao/uploaded//img.alicdn.com/tfs/TB1S_dkRQvoK1RjSZFNXXcxMVXa-270-364.png
56,https://img.alicdn.com/bao/uploaded//img.alicdn.com/tfs/TB1S_dkRQvoK1RjSZFNXXcxMVXa-270-364.png
57,https://img.alicdn.com/bao/uploaded//img.alicdn.com/tfs/TB1S_dkRQvoK1RjSZFNXXcxMVXa-270-364.png
58,https://img.alicdn.com/bao/uploaded//img.alicdn.com/tfs/TB1S_dkRQvoK1RjSZFNXXcxMVXa-270-364.png
59,https://img.alicdn.com/bao/uploaded//img.alicdn.com/tfs/TB1S_dkRQvoK1RjSZFNXXcxMVXa-270-364.png
60,https://img.alicdn.com/bao/uploaded//img.alicdn.com/tfs/TB1S_dkRQvoK1RjSZFNXXcxMVXa-270-364.png
61,https://img.alicdn.com/bao/uploaded//img.alicdn.com/tfs/TB1S_dkRQvoK1RjSZFNXXcxMVXa-270-364.png
62,https://img.alicdn.com/bao/uploaded//img.alicdn.com/tfs/TB1S_dkRQvoK1RjSZFNXXcxMVXa-270-364.png
63,https://img.alicdn.com/bao/uploaded//img.alicdn.com/bao/uploaded/i2/2251059038/O1CN01DCTwXh2GdSHk6dPOz_!!0-item_pic.jpg_q60.jpg_.webp
64,https://img.alicdn.com/bao/uploaded//img.alicdn.com/bao/uploaded/https://img.alicdn.com/imgextra/i4/2251059038/O1CN01xyZN1C2GdSHgzQKwZ_!!2251059038.png_q60.jpg_.webp
65,https://img.alicdn.com/bao/uploaded//img.alicdn.com/bao/uploaded/i1/2251059038/O1CN010RO7Jt2GdSHfxONXA_!!0-item_pic.jpg_q60.jpg_.webp
66,https://img.alicdn.com/bao/uploaded//img.alicdn.com/bao/uploaded/i4/2251059038/O1CN01uC9Oyy2GdSHe1R0KD_!!0-item_pic.jpg_q60.jpg_.webp
67,https://img.alicdn.com/bao/uploaded//img.alicdn.com/tfs/TB1S_dkRQvoK1RjSZFNXXcxMVXa-270-364.png
68,https://img.alicdn.com/bao/uploaded//img.alicdn.com/tfs/TB1S_dkRQvoK1RjSZFNXXcxMVXa-270-364.png
69,https://img.alicdn.com/bao/uploaded//img.alicdn.com/tfs/TB1S_dkRQvoK1RjSZFNXXcxMVXa-270-364.png
70,https://img.alicdn.com/bao/uploaded//img.alicdn.com/tfs/TB1S_dkRQvoK1RjSZFNXXcxMVXa-270-364.png
71,https://img.alicdn.com/bao/uploaded//img.alicdn.com/tfs/TB1S_dkRQvoK1RjSZFNXXcxMVXa-270-364.png
72,https://img.alicdn.com/bao/uploaded//img.alicdn.com/tfs/TB1S_dkRQvoK1RjSZFNXXcxMVXa-270-364.png
73,https://img.alicdn.com/bao/uploaded//img.alicdn.com/tfs/TB1S_dkRQvoK1RjSZFNXXcxMVXa-270-364.png
74,https://img.alicdn.com/bao/uploaded//img.alicdn.com/tfs/TB1S_dkRQvoK1RjSZFNXXcxMVXa-270-364.png
75,https://img.alicdn.com/bao/uploaded//img.alicdn.com/tfs/TB1S_dkRQvoK1RjSZFNXXcxMVXa-270-364.png
76,https://img.alicdn.com/bao/uploaded//img.alicdn.com/tfs/TB1S_dkRQvoK1RjSZFNXXcxMVXa-270-364.png
77,https://img.alicdn.com/bao/uploaded//img.alicdn.com/tfs/TB1S_dkRQvoK1RjSZFNXXcxMVXa-270-364.png
78,https://img.alicdn.com/bao/uploaded//img.alicdn.com/tfs/TB1S_dkRQvoK1RjSZFNXXcxMVXa-270-364.png
79,https://img.alicdn.com/bao/uploaded//img.alicdn.com/tfs/TB1S_dkRQvoK1RjSZFNXXcxMVXa-270-364.png
80,https://img.alicdn.com/bao/uploaded//img.alicdn.com/tfs/TB1S_dkRQvoK1RjSZFNXXcxMVXa-270-364.png
81,https://img.alicdn.com/bao/uploaded//img.alicdn.com/tfs/TB1S_dkRQvoK1RjSZFNXXcxMVXa-270-364.png
82,https://img.alicdn.com/bao/uploaded//img.alicdn.com/tfs/TB1S_dkRQvoK1RjSZFNXXcxMVXa-270-364.png
83,https://img.alicdn.com/bao/uploaded//img.alicdn.com/tfs/TB1S_dkRQvoK1RjSZFNXXcxMVXa-270-364.png
84,https://img.alicdn.com/bao/uploaded//img.alicdn.com/tfs/TB1S_dkRQvoK1RjSZFNXXcxMVXa-270-364.png
85,https://img.alicdn.com/bao/uploaded//img.alicdn.com/tfs/TB1S_dkRQvoK1RjSZFNXXcxMVXa-270-364.png
86,https://img.alicdn.com/bao/uploaded//img.alicdn.com/tfs/TB1S_dkRQvoK1RjSZFNXXcxMVXa-270-364.png
87,https://img.alicdn.com/bao/uploaded//img.alicdn.com/tfs/TB1S_dkRQvoK1RjSZFNXXcxMVXa-270-364.png
88,https://img.alicdn.com/bao/uploaded//img.alicdn.com/tfs/TB1S_dkRQvoK1RjSZFNXXcxMVXa-270-364.png
89,https://img.alicdn.com/bao/uploaded//img.alicdn.com/tfs/TB1S_dkRQvoK1RjSZFNXXcxMVXa-270-364.png
90,https://img.alicdn.com/bao/uploaded//img.alicdn.com/tfs/TB1S_dkRQvoK1RjSZFNXXcxMVXa-270-364.png
91,https://img.alicdn.com/bao/uploaded//img.alicdn.com/tfs/TB1S_dkRQvoK1RjSZFNXXcxMVXa-270-364.png
92,https://img.alicdn.com/bao/uploaded//img.alicdn.com/tfs/TB1S_dkRQvoK1RjSZFNXXcxMVXa-270-364.png
93,https://img.alicdn.com/bao/uploaded//img.alicdn.com/bao/uploaded/https://img.alicdn.com/imgextra/i4/2251059038/O1CN01lJmoCc2GdSDuE5A16_!!2251059038.jpg_q60.jpg_.webp
94,https://img.alicdn.com/bao/uploaded//img.alicdn.com/bao/uploaded/https://img.alicdn.com/imgextra/i1/2251059038/O1CN01azvZKF2GdSDbREwqv_!!2251059038.jpg_q60.jpg_.webp
95,https://img.alicdn.com/bao/uploaded//img.alicdn.com/bao/uploaded/https://img.alicdn.com/imgextra/i3/2251059038/O1CN01ImLwKP2GdSE12OAYj_!!2251059038.jpg_q60.jpg_.webp
96,https://img.alicdn.com/bao/uploaded//img.alicdn.com/bao/uploaded/https://img.alicdn.com/imgextra/i4/2251059038/O1CN01UDhu0q2GdSDZ0Hnz3_!!2251059038.jpg_q60.jpg_.webp
97,https://img.alicdn.com/bao/uploaded//img.alicdn.com/bao/uploaded/i1/2251059038/O1CN01kxa5CB2GdSDOBuS1y_!!0-item_pic.jpg_q60.jpg_.webp
98,https://img.alicdn.com/bao/uploaded//img.alicdn.com/tfs/TB1S_dkRQvoK1RjSZFNXXcxMVXa-270-364.png
99,https://img.alicdn.com/bao/uploaded//img.alicdn.com/tfs/TB1S_dkRQvoK1RjSZFNXXcxMVXa-270-364.png
100,https://img.alicdn.com/bao/uploaded//img.alicdn.com/tfs/TB1S_dkRQvoK1RjSZFNXXcxMVXa-270-364.png
101,https://img.alicdn.com/bao/uploaded//img.alicdn.com/tfs/TB1S_dkRQvoK1RjSZFNXXcxMVXa-270-364.png
102,https://img.alicdn.com/bao/uploaded//img.alicdn.com/tfs/TB1S_dkRQvoK1RjSZFNXXcxMVXa-270-364.png
103,https://img.alicdn.com/bao/uploaded//img.alicdn.com/tfs/TB1S_dkRQvoK1RjSZFNXXcxMVXa-270-364.png
104,https://img.alicdn.com/bao/uploaded//img.alicdn.com/tfs/TB1S_dkRQvoK1RjSZFNXXcxMVXa-270-364.png
105,https://img.alicdn.com/bao/uploaded//img.alicdn.com/tfs/TB1S_dkRQvoK1RjSZFNXXcxMVXa-270-364.png
106,https://img.alicdn.com/bao/uploaded//img.alicdn.com/tfs/TB1S_dkRQvoK1RjSZFNXXcxMVXa-270-364.png
107,https://img.alicdn.com/bao/uploaded//img.alicdn.com/tfs/TB1S_dkRQvoK1RjSZFNXXcxMVXa-270-364.png
108,https://img.alicdn.com/bao/uploaded//img.alicdn.com/tfs/TB1S_dkRQvoK1RjSZFNXXcxMVXa-270-364.png
109,https://img.alicdn.com/bao/uploaded//img.alicdn.com/tfs/TB1S_dkRQvoK1RjSZFNXXcxMVXa-270-364.png
110,https://img.alicdn.com/bao/uploaded//img.alicdn.com/tfs/TB1S_dkRQvoK1RjSZFNXXcxMVXa-270-364.png
111,https://img.alicdn.com/bao/uploaded//img.alicdn.com/tfs/TB1S_dkRQvoK1RjSZFNXXcxMVXa-270-364.png
112,https://img.alicdn.com/bao/uploaded//img.alicdn.com/tfs/TB1S_dkRQvoK1RjSZFNXXcxMVXa-270-364.png
113,https://img.alicdn.com/bao/uploaded//img.alicdn.com/tfs/TB1S_dkRQvoK1RjSZFNXXcxMVXa-270-364.png
114,https://img.alicdn.com/bao/uploaded//img.alicdn.com/tfs/TB1S_dkRQvoK1RjSZFNXXcxMVXa-270-364.png
115,https://img.alicdn.com/bao/uploaded//img.alicdn.com/tfs/TB1S_dkRQvoK1RjSZFNXXcxMVXa-270-364.png
116,https://img.alicdn.com/bao/uploaded//img.alicdn.com/tfs/TB1S_dkRQvoK1RjSZFNXXcxMVXa-270-364.png
117,https://img.alicdn.com/bao/uploaded//img.alicdn.com/bao/uploaded/https://img.alicdn.com/imgextra/i3/2251059038/O1CN01vKe5pd2GdSHqPfF07_!!2251059038.jpg_q60.jpg_.webp
118,https://img.alicdn.com/bao/uploaded//img.alicdn.com/bao/uploaded/https://img.alicdn.com/imgextra/i2/2251059038/O1CN01f2CKMS2GdSHYu32s7_!!2251059038.jpg_q60.jpg_.webp
119,https://img.alicdn.com/bao/uploaded//img.alicdn.com/bao/uploaded/https://img.alicdn.com/imgextra/i1/2251059038/O1CN01jD1NPt2GdSHPEgDsS_!!2251059038.png_q60.jpg_.webp
120,https://img.alicdn.com/bao/uploaded//img.alicdn.com/bao/uploaded/https://img.alicdn.com/imgextra/i3/2251059038/O1CN013mHULD2GdSHRRl9Y6_!!2251059038.jpg_q60.jpg_.webp
121,https://img.alicdn.com/bao/uploaded//img.alicdn.com/bao/uploaded/https://img.alicdn.com/imgextra/i1/2251059038/O1CN01JL2aED2GdSHoBMSkl_!!2251059038.jpg_q60.jpg_.webp
122,https://img.alicdn.com/bao/uploaded//img.alicdn.com/tfs/TB1S_dkRQvoK1RjSZFNXXcxMVXa-270-364.png
123,https://img.alicdn.com/bao/uploaded//img.alicdn.com/tfs/TB1S_dkRQvoK1RjSZFNXXcxMVXa-270-364.png
124,https://img.alicdn.com/bao/uploaded//img.alicdn.com/tfs/TB1S_dkRQvoK1RjSZFNXXcxMVXa-270-364.png
125,https://img.alicdn.com/bao/uploaded//img.alicdn.com/tfs/TB1S_dkRQvoK1RjSZFNXXcxMVXa-270-364.png
126,https://img.alicdn.com/bao/uploaded//img.alicdn.com/tfs/TB1S_dkRQvoK1RjSZFNXXcxMVXa-270-364.png
127,https://img.alicdn.com/bao/uploaded//img.alicdn.com/tfs/TB1S_dkRQvoK1RjSZFNXXcxMVXa-270-364.png
128,https://img.alicdn.com/bao/uploaded//img.alicdn.com/tfs/TB1S_dkRQvoK1RjSZFNXXcxMVXa-270-364.png
129,https://img.alicdn.com/bao/uploaded//img.alicdn.com/tfs/TB1S_dkRQvoK1RjSZFNXXcxMVXa-270-364.png
130,https://img.alicdn.com/bao/uploaded//img.alicdn.com/tfs/TB1S_dkRQvoK1RjSZFNXXcxMVXa-270-364.png
131,https://img.alicdn.com/bao/uploaded//img.alicdn.com/bao/uploaded/i1/2251059038/O1CN01DGMQHh2GdSHhkVuNd_!!2-item_pic.png_q60.jpg_.webp
132,https://img.alicdn.com/bao/uploaded//img.alicdn.com/bao/uploaded/i4/2251059038/O1CN01F8Wm042GdSHkIqgn7_!!0-item_pic.jpg_q60.jpg_.webp
133,https://img.alicdn.com/bao/uploaded//img.alicdn.com/bao/uploaded/https://img.alicdn.com/imgextra/i2/2251059038/O1CN01xr7iSb2GdSHeGQfHu_!!2251059038.png_q60.jpg_.webp
134,https://img.alicdn.com/bao/uploaded//img.alicdn.com/bao/uploaded/i4/2251059038/O1CN01xuQvQk2GdSHmEccFE_!!2-item_pic.png_q60.jpg_.webp
135,https://img.alicdn.com/bao/uploaded//img.alicdn.com/tfs/TB1S_dkRQvoK1RjSZFNXXcxMVXa-270-364.png
136,https://img.alicdn.com/bao/uploaded//img.alicdn.com/tfs/TB1S_dkRQvoK1RjSZFNXXcxMVXa-270-364.png
137,https://img.alicdn.com/bao/uploaded//img.alicdn.com/tfs/TB1S_dkRQvoK1RjSZFNXXcxMVXa-270-364.png
138,https://img.alicdn.com/bao/uploaded//img.alicdn.com/tfs/TB1S_dkRQvoK1RjSZFNXXcxMVXa-270-364.png
139,https://img.alicdn.com/bao/uploaded//img.alicdn.com/tfs/TB1S_dkRQvoK1RjSZFNXXcxMVXa-270-364.png
140,https://img.alicdn.com/bao/uploaded//img.alicdn.com/tfs/TB1S_dkRQvoK1RjSZFNXXcxMVXa-270-364.png
141,https://img.alicdn.com/bao/uploaded//img.alicdn.com/tfs/TB1S_dkRQvoK1RjSZFNXXcxMVXa-270-364.png
142,https://img.alicdn.com/bao/uploaded//img.alicdn.com/tfs/TB1S_dkRQvoK1RjSZFNXXcxMVXa-270-364.png
143,https://img.alicdn.com/bao/uploaded//img.alicdn.com/tfs/TB1S_dkRQvoK1RjSZFNXXcxMVXa-270-364.png
144,https://img.alicdn.com/bao/uploaded//img.alicdn.com/tfs/TB1S_dkRQvoK1RjSZFNXXcxMVXa-270-364.png
145,https://img.alicdn.com/bao/uploaded//img.alicdn.com/tfs/TB1S_dkRQvoK1RjSZFNXXcxMVXa-270-364.png
146,https://img.alicdn.com/bao/uploaded//img.alicdn.com/tfs/TB1S_dkRQvoK1RjSZFNXXcxMVXa-270-364.png
147,https://img.alicdn.com/bao/uploaded//img.alicdn.com/tfs/TB1S_dkRQvoK1RjSZFNXXcxMVXa-270-364.png
148,https://img.alicdn.com/bao/uploaded//img.alicdn.com/tfs/TB1S_dkRQvoK1RjSZFNXXcxMVXa-270-364.png
149,https://img.alicdn.com/bao/uploaded//img.alicdn.com/tfs/TB1S_dkRQvoK1RjSZFNXXcxMVXa-270-364.png
150,https://img.alicdn.com/bao/uploaded//img.alicdn.com/tfs/TB1S_dkRQvoK1RjSZFNXXcxMVXa-270-364.png
151,https://img.alicdn.com/bao/uploaded//img.alicdn.com/tfs/TB1S_dkRQvoK1RjSZFNXXcxMVXa-270-364.png
152,https://img.alicdn.com/bao/uploaded//img.alicdn.com/tfs/TB1S_dkRQvoK1RjSZFNXXcxMVXa-270-364.png
153,https://img.alicdn.com/bao/uploaded//img.alicdn.com/tfs/TB1S_dkRQvoK1RjSZFNXXcxMVXa-270-364.png
154,https://img.alicdn.com/bao/uploaded//img.alicdn.com/tfs/TB1S_dkRQvoK1RjSZFNXXcxMVXa-270-364.png
155,https://img.alicdn.com/bao/uploaded//img.alicdn.com/tfs/TB1S_dkRQvoK1RjSZFNXXcxMVXa-270-364.png
156,https://img.alicdn.com/bao/uploaded//img.alicdn.com/tfs/TB1S_dkRQvoK1RjSZFNXXcxMVXa-270-364.png
157,https://img.alicdn.com/bao/uploaded//img.alicdn.com/tfs/TB1S_dkRQvoK1RjSZFNXXcxMVXa-270-364.png
158,https://img.alicdn.com/bao/uploaded//img.alicdn.com/tfs/TB1S_dkRQvoK1RjSZFNXXcxMVXa-270-364.png
159,https://img.alicdn.com/bao/uploaded//img.alicdn.com/tfs/TB1S_dkRQvoK1RjSZFNXXcxMVXa-270-364.png
160,https://img.alicdn.com/bao/uploaded//img.alicdn.com/tfs/TB1S_dkRQvoK1RjSZFNXXcxMVXa-270-364.png
161,https://img.alicdn.com/bao/uploaded//img.alicdn.com/bao/uploaded/i4/2251059038/O1CN01rKprgn2GdSEzIsRO7_!!0-item_pic.jpg_q60.jpg_.webp
162,https://img.alicdn.com/bao/uploaded//img.alicdn.com/bao/uploaded/i3/2251059038/O1CN01WYm3iw2GdSDu5gVhv_!!0-item_pic.jpg_q60.jpg_.webp
163,https://img.alicdn.com/bao/uploaded//img.alicdn.com/bao/uploaded/i1/2251059038/O1CN014G2G7H2GdSBqugRg3_!!0-item_pic.jpg_q60.jpg_.webp
164,https://img.alicdn.com/bao/uploaded//img.alicdn.com/bao/uploaded/i2/2251059038/O1CN01bBpiJz2GdSGL1jGbF_!!0-item_pic.jpg_q60.jpg_.webp
165,https://img.alicdn.com/bao/uploaded//img.alicdn.com/bao/uploaded/i4/2251059038/O1CN01A39T9a2GdSGOK7zLX_!!0-item_pic.jpg_q60.jpg_.webp
166,https://img.alicdn.com/bao/uploaded//img.alicdn.com/tfs/TB1S_dkRQvoK1RjSZFNXXcxMVXa-270-364.png
167,https://img.alicdn.com/bao/uploaded//img.alicdn.com/bao/uploaded/i3/2251059038/O1CN01tPhKM52GdSF0o4itt_!!0-item_pic.jpg_q60.jpg_.webp
168,https://img.alicdn.com/bao/uploaded//img.alicdn.com/bao/uploaded/https://img.alicdn.com/imgextra/i3/2251059038/O1CN01bdb8ZH2GdSHihOQ80_!!2251059038.jpg_q60.jpg_.webp
169,https://img.alicdn.com/bao/uploaded//img.alicdn.com/bao/uploaded/https://img.alicdn.com/imgextra/i4/2251059038/O1CN01VOZN3b2GdSHNPkS8U_!!2251059038.jpg_q60.jpg_.webp
170,https://img.alicdn.com/bao/uploaded//img.alicdn.com/bao/uploaded/i1/2251059038/O1CN01eaMKir2GdSHYHoY71_!!2-item_pic.png_q60.jpg_.webp
171,https://img.alicdn.com/bao/uploaded//img.alicdn.com/bao/uploaded/https://img.alicdn.com/imgextra/i2/2251059038/O1CN01K6P8iG2GdSHOQ5KcC_!!2251059038.jpg_q60.jpg_.webp
172,https://img.alicdn.com/bao/uploaded//img.alicdn.com/tfs/TB1S_dkRQvoK1RjSZFNXXcxMVXa-270-364.png
173,https://img.alicdn.com/bao/uploaded//img.alicdn.com/tfs/TB1S_dkRQvoK1RjSZFNXXcxMVXa-270-364.png
174,https://img.alicdn.com/bao/uploaded//img.alicdn.com/tfs/TB1S_dkRQvoK1RjSZFNXXcxMVXa-270-364.png
175,https://img.alicdn.com/bao/uploaded//img.alicdn.com/tfs/TB1S_dkRQvoK1RjSZFNXXcxMVXa-270-364.png
176,https://img.alicdn.com/bao/uploaded//img.alicdn.com/tfs/TB1S_dkRQvoK1RjSZFNXXcxMVXa-270-364.png
177,https://img.alicdn.com/bao/uploaded//img.alicdn.com/tfs/TB1S_dkRQvoK1RjSZFNXXcxMVXa-270-364.png
178,https://img.alicdn.com/bao/uploaded//img.alicdn.com/tfs/TB1S_dkRQvoK1RjSZFNXXcxMVXa-270-364.png
179,https://img.alicdn.com/bao/uploaded//img.alicdn.com/tfs/TB1S_dkRQvoK1RjSZFNXXcxMVXa-270-364.png
180,https://img.alicdn.com/bao/uploaded//img.alicdn.com/tfs/TB1S_dkRQvoK1RjSZFNXXcxMVXa-270-364.png
181,https://img.alicdn.com/bao/uploaded//img.alicdn.com/tfs/TB1S_dkRQvoK1RjSZFNXXcxMVXa-270-364.png
182,https://img.alicdn.com/bao/uploaded//img.alicdn.com/tfs/TB1S_dkRQvoK1RjSZFNXXcxMVXa-270-364.png
183,https://img.alicdn.com/bao/uploaded//img.alicdn.com/tfs/TB1S_dkRQvoK1RjSZFNXXcxMVXa-270-364.png
184,https://img.alicdn.com/bao/uploaded//img.alicdn.com/tfs/TB1S_dkRQvoK1RjSZFNXXcxMVXa-270-364.png
185,https://img.alicdn.com/bao/uploaded//img.alicdn.com/tfs/TB1S_dkRQvoK1RjSZFNXXcxMVXa-270-364.png
186,https://img.alicdn.com/bao/uploaded//img.alicdn.com/tfs/TB1S_dkRQvoK1RjSZFNXXcxMVXa-270-364.png
187,https://img.alicdn.com/bao/uploaded//img.alicdn.com/tfs/TB1S_dkRQvoK1RjSZFNXXcxMVXa-270-364.png
188,https://img.alicdn.com/bao/uploaded//img.alicdn.com/tfs/TB1S_dkRQvoK1RjSZFNXXcxMVXa-270-364.png
189,https://img.alicdn.com/bao/uploaded//img.alicdn.com/tfs/TB1S_dkRQvoK1RjSZFNXXcxMVXa-270-364.png
190,https://img.alicdn.com/bao/uploaded//img.alicdn.com/tfs/TB1S_dkRQvoK1RjSZFNXXcxMVXa-270-364.png
191,https://img.alicdn.com/bao/uploaded//img.alicdn.com/tfs/TB1S_dkRQvoK1RjSZFNXXcxMVXa-270-364.png
192,https://img.alicdn.com/bao/uploaded//img.alicdn.com/tfs/TB1S_dkRQvoK1RjSZFNXXcxMVXa-270-364.png
193,https://img.alicdn.com/bao/uploaded//img.alicdn.com/tfs/TB1S_dkRQvoK1RjSZFNXXcxMVXa-270-364.png
194,https://img.alicdn.com/bao/uploaded//img.alicdn.com/tfs/TB1S_dkRQvoK1RjSZFNXXcxMVXa-270-364.png
195,https://img.alicdn.com/bao/uploaded//img.alicdn.com/tfs/TB1S_dkRQvoK1RjSZFNXXcxMVXa-270-364.png
196,https://img.alicdn.com/bao/uploaded//img.alicdn.com/tfs/TB1S_dkRQvoK1RjSZFNXXcxMVXa-270-364.png
197,https://img.alicdn.com/bao/uploaded//img.alicdn.com/tfs/TB1S_dkRQvoK1RjSZFNXXcxMVXa-270-364.png
198,https://img.alicdn.com/bao/uploaded//img.alicdn.com/bao/uploaded/https://img.alicdn.com/imgextra/i2/2251059038/O1CN013iE6ss2GdSHkrObMR_!!2251059038.png_q60.jpg_.webp
199,https://img.alicdn.com/bao/uploaded//img.alicdn.com/bao/uploaded/https://img.alicdn.com/imgextra/i4/2251059038/O1CN01Au4DW92GdSHnfGOyu_!!2251059038.png_q60.jpg_.webp
200,https://img.alicdn.com/bao/uploaded//img.alicdn.com/bao/uploaded/https://img.alicdn.com/imgextra/i3/2251059038/O1CN01O41VUZ2GdSHV8x8Gn_!!2251059038.jpg_q60.jpg_.webp
201,https://img.alicdn.com/bao/uploaded//img.alicdn.com/bao/uploaded/https://img.alicdn.com/imgextra/i4/2251059038/O1CN01iiFHy92GdSHkVZzpC_!!2251059038.png_q60.jpg_.webp
202,https://img.alicdn.com/bao/uploaded//img.alicdn.com/bao/uploaded/https://img.alicdn.com/imgextra/i1/2251059038/O1CN01yJiw322GdSHRfJrT1_!!2251059038.jpg_q60.jpg_.webp
203,https://img.alicdn.com/bao/uploaded//img.alicdn.com/tfs/TB1S_dkRQvoK1RjSZFNXXcxMVXa-270-364.png
204,https://img.alicdn.com/bao/uploaded//img.alicdn.com/tfs/TB1S_dkRQvoK1RjSZFNXXcxMVXa-270-364.png
205,https://img.alicdn.com/bao/uploaded//img.alicdn.com/tfs/TB1S_dkRQvoK1RjSZFNXXcxMVXa-270-364.png
206,https://img.alicdn.com/bao/uploaded//img.alicdn.com/tfs/TB1S_dkRQvoK1RjSZFNXXcxMVXa-270-364.png
207,https://img.alicdn.com/bao/uploaded//img.alicdn.com/tfs/TB1S_dkRQvoK1RjSZFNXXcxMVXa-270-364.png
208,https://img.alicdn.com/bao/uploaded//img.alicdn.com/tfs/TB1S_dkRQvoK1RjSZFNXXcxMVXa-270-364.png
209,https://img.alicdn.com/bao/uploaded//img.alicdn.com/tfs/TB1S_dkRQvoK1RjSZFNXXcxMVXa-270-364.png
210,https://img.alicdn.com/bao/uploaded//img.alicdn.com/tfs/TB1S_dkRQvoK1RjSZFNXXcxMVXa-270-364.png
211,https://img.alicdn.com/bao/uploaded//img.alicdn.com/tfs/TB1S_dkRQvoK1RjSZFNXXcxMVXa-270-364.png
212,https://img.alicdn.com/bao/uploaded//img.alicdn.com/tfs/TB1S_dkRQvoK1RjSZFNXXcxMVXa-270-364.png
213,https://img.alicdn.com/bao/uploaded//img.alicdn.com/tfs/TB1S_dkRQvoK1RjSZFNXXcxMVXa-270-364.png
214,https://img.alicdn.com/bao/uploaded//img.alicdn.com/tfs/TB1S_dkRQvoK1RjSZFNXXcxMVXa-270-364.png
215,https://img.alicdn.com/bao/uploaded//img.alicdn.com/tfs/TB1S_dkRQvoK1RjSZFNXXcxMVXa-270-364.png
216,https://img.alicdn.com/bao/uploaded//img.alicdn.com/tfs/TB1S_dkRQvoK1RjSZFNXXcxMVXa-270-364.png
217,https://img.alicdn.com/bao/uploaded//img.alicdn.com/tfs/TB1S_dkRQvoK1RjSZFNXXcxMVXa-270-364.png
218,https://img.alicdn.com/bao/uploaded//img.alicdn.com/tfs/TB1S_dkRQvoK1RjSZFNXXcxMVXa-270-364.png
219,https://img.alicdn.com/bao/uploaded//img.alicdn.com/tfs/TB1S_dkRQvoK1RjSZFNXXcxMVXa-270-364.png
220,https://img.alicdn.com/bao/uploaded//img.alicdn.com/tfs/TB1S_dkRQvoK1RjSZFNXXcxMVXa-270-364.png
221,https://img.alicdn.com/bao/uploaded//img.alicdn.com/tfs/TB1S_dkRQvoK1RjSZFNXXcxMVXa-270-364.png
222,https://img.alicdn.com/bao/uploaded//img.alicdn.com/tfs/TB1S_dkRQvoK1RjSZFNXXcxMVXa-270-364.png
223,https://img.alicdn.com/bao/uploaded//img.alicdn.com/tfs/TB1S_dkRQvoK1RjSZFNXXcxMVXa-270-364.png
224,https://img.alicdn.com/bao/uploaded//img.alicdn.com/tfs/TB1S_dkRQvoK1RjSZFNXXcxMVXa-270-364.png
225,https://img.alicdn.com/bao/uploaded//img.alicdn.com/tfs/TB1S_dkRQvoK1RjSZFNXXcxMVXa-270-364.png
226,https://img.alicdn.com/bao/uploaded//img.alicdn.com/tfs/TB1S_dkRQvoK1RjSZFNXXcxMVXa-270-364.png
227,https://img.alicdn.com/bao/uploaded//img.alicdn.com/tfs/TB1S_dkRQvoK1RjSZFNXXcxMVXa-270-364.png
228,https://img.alicdn.com/bao/uploaded//img.alicdn.com/bao/uploaded/https://img.alicdn.com/imgextra/i2/2251059038/O1CN01iqhR5O2GdSHidw0rb_!!2251059038.jpg_q60.jpg_.webp
229,https://img.alicdn.com/bao/uploaded//img.alicdn.com/bao/uploaded/https://img.alicdn.com/imgextra/i3/2251059038/O1CN01lUBzGb2GdSHlHASw8_!!2251059038.jpg_q60.jpg_.webp
230,https://img.alicdn.com/bao/uploaded//img.alicdn.com/bao/uploaded/https://img.alicdn.com/imgextra/i4/2251059038/O1CN01KrYJNK2GdSHexvRx3_!!2251059038.jpg_q60.jpg_.webp
231,https://img.alicdn.com/bao/uploaded//img.alicdn.com/bao/uploaded/i2/2251059038/O1CN01drS9qY2GdSHlboGI5_!!0-item_pic.jpg_q60.jpg_.webp
232,https://img.alicdn.com/bao/uploaded//img.alicdn.com/tfs/TB1S_dkRQvoK1RjSZFNXXcxMVXa-270-364.png
233,https://img.alicdn.com/bao/uploaded//img.alicdn.com/tfs/TB1S_dkRQvoK1RjSZFNXXcxMVXa-270-364.png
234,https://img.alicdn.com/bao/uploaded//img.alicdn.com/tfs/TB1S_dkRQvoK1RjSZFNXXcxMVXa-270-364.png
235,https://img.alicdn.com/bao/uploaded//img.alicdn.com/tfs/TB1S_dkRQvoK1RjSZFNXXcxMVXa-270-364.png
236,https://img.alicdn.com/bao/uploaded//img.alicdn.com/tfs/TB1S_dkRQvoK1RjSZFNXXcxMVXa-270-364.png
237,https://img.alicdn.com/bao/uploaded//img.alicdn.com/tfs/TB1S_dkRQvoK1RjSZFNXXcxMVXa-270-364.png
238,https://img.alicdn.com/bao/uploaded//img.alicdn.com/tfs/TB1S_dkRQvoK1RjSZFNXXcxMVXa-270-364.png
239,https://img.alicdn.com/bao/uploaded//img.alicdn.com/tfs/TB1S_dkRQvoK1RjSZFNXXcxMVXa-270-364.png
240,https://img.alicdn.com/bao/uploaded//img.alicdn.com/tfs/TB1S_dkRQvoK1RjSZFNXXcxMVXa-270-364.png
241,https://img.alicdn.com/bao/uploaded//img.alicdn.com/tfs/TB1S_dkRQvoK1RjSZFNXXcxMVXa-270-364.png
242,https://img.alicdn.com/bao/uploaded//img.alicdn.com/tfs/TB1S_dkRQvoK1RjSZFNXXcxMVXa-270-364.png
243,https://img.alicdn.com/bao/uploaded//img.alicdn.com/tfs/TB1S_dkRQvoK1RjSZFNXXcxMVXa-270-364.png
244,https://img.alicdn.com/bao/uploaded//img.alicdn.com/tfs/TB1S_dkRQvoK1RjSZFNXXcxMVXa-270-364.png
245,https://img.alicdn.com/bao/uploaded//img.alicdn.com/tfs/TB1S_dkRQvoK1RjSZFNXXcxMVXa-270-364.png
246,https://img.alicdn.com/bao/uploaded//img.alicdn.com/tfs/TB1S_dkRQvoK1RjSZFNXXcxMVXa-270-364.png
247,https://img.alicdn.com/bao/uploaded//img.alicdn.com/tfs/TB1S_dkRQvoK1RjSZFNXXcxMVXa-270-364.png
248,https://img.alicdn.com/bao/uploaded//img.alicdn.com/tfs/TB1S_dkRQvoK1RjSZFNXXcxMVXa-270-364.png
249,https://img.alicdn.com/bao/uploaded//img.alicdn.com/tfs/TB1S_dkRQvoK1RjSZFNXXcxMVXa-270-364.png
250,https://img.alicdn.com/bao/uploaded//img.alicdn.com/tfs/TB1S_dkRQvoK1RjSZFNXXcxMVXa-270-364.png
251,https://img.alicdn.com/bao/uploaded//img.alicdn.com/tfs/TB1S_dkRQvoK1RjSZFNXXcxMVXa-270-364.png
252,https://img.alicdn.com/bao/uploaded//img.alicdn.com/tfs/TB1S_dkRQvoK1RjSZFNXXcxMVXa-270-364.png
253,https://img.alicdn.com/bao/uploaded//img.alicdn.com/tfs/TB1S_dkRQvoK1RjSZFNXXcxMVXa-270-364.png
254,https://img.alicdn.com/bao/uploaded//img.alicdn.com/tfs/TB1S_dkRQvoK1RjSZFNXXcxMVXa-270-364.png
255,https://img.alicdn.com/bao/uploaded//img.alicdn.com/tfs/TB1S_dkRQvoK1RjSZFNXXcxMVXa-270-364.png
256,https://img.alicdn.com/bao/uploaded//img.alicdn.com/tfs/TB1S_dkRQvoK1RjSZFNXXcxMVXa-270-364.png
257,https://img.alicdn.com/bao/uploaded//img.alicdn.com/tfs/TB1S_dkRQvoK1RjSZFNXXcxMVXa-270-364.png
